recEmail,pwdrec,jobtitle,desc,ujobtitle,udesc
rpinkney0@dmoz.org,Asteraceae,Chief Design Engineer,Professor,Software Engineer III,Sales Representative
chaskett1@washington.edu,Apiaceae,Assistant Media Planner,Occupational Therapist,Software Test Engineer II,Senior Editor
lreeder2@yelp.com,Ranunculaceae,Senior Quality Engineer,Executive Secretary,Chemical Engineer,Assistant Professor
itripony3@cdc.gov,Pottiaceae,Automation Specialist I,GIS Technical Architect,VP Sales,Staff Scientist
tdemangel4@smh.com.au,Euphorbiaceae,Occupational Therapist,Physical Therapy Assistant,Biostatistician III,Graphic Designer
phatherleigh5@ifeng.com,Rosaceae,Health Coach III,Marketing Assistant,Systems Administrator II,Account Coordinator
lpleven6@quantcast.com,Polemoniaceae,Internal Auditor,Sales Associate,Cost Accountant,Budget/Accounting Analyst III
mbechley7@dell.com,Ranunculaceae,Internal Auditor,Senior Quality Engineer,Marketing Manager,Administrative Officer
shouchen8@oaic.gov.au,Cyperaceae,Chief Design Engineer,Database Administrator III,Dental Hygienist,Senior Quality Engineer
bandreopolos9@ucoz.com,Asteraceae,Quality Engineer,General Manager,Product Engineer,Administrative Assistant IV
